일련번호,시간,하중,변위,테이블,강도,변형율
,[sec],[kN],[mm],[mm],[kN/mm²],[%]
1,0.000,0.0000,0.00000,0.00580,0.0000,0.00000
2,0.008,0.0000,0.00710,0.00710,0.0000,0.01420
3,0.024,0.0000,0.00850,0.00850,0.0000,0.01700
4,0.041,0.0000,0.00980,0.00980,0.0000,0.01960
5,0.057,0.0000,0.01110,0.01110,0.0000,0.02220
6,0.074,0.0000,0.01250,0.01250,0.0000,0.02500
7,0.089,0.0000,0.01380,0.01380,0.0000,0.02760
8,0.104,0.0000,0.01510,0.01510,0.0000,0.03020
9,0.120,0.0000,0.01640,0.01640,0.0000,0.03280
10,0.137,0.0000,0.01780,0.01780,0.0000,0.03560
11,0.152,0.0104,0.01920,0.01920,0.0002,0.03840
12,0.169,0.0116,0.02050,0.02050,0.0003,0.04100
13,0.186,0.0104,0.02180,0.02180,0.0002,0.04360
14,0.201,0.0122,0.02310,0.02310,0.0003,0.04620
15,0.217,0.0134,0.02440,0.02440,0.0003,0.04880
16,0.233,0.0147,0.02580,0.02580,0.0003,0.05160
17,0.249,0.0153,0.02710,0.02710,0.0003,0.05420
18,0.265,0.0165,0.02840,0.02840,0.0004,0.05680
19,0.281,0.0171,0.02970,0.02970,0.0004,0.05940
20,0.298,0.0183,0.03110,0.03110,0.0004,0.06220
21,0.313,0.0189,0.03240,0.03240,0.0004,0.06480
22,0.329,0.0202,0.03380,0.03380,0.0004,0.06760
23,0.345,0.0214,0.03510,0.03510,0.0005,0.07020
24,0.362,0.0214,0.03640,0.03640,0.0005,0.07280
25,0.377,0.0208,0.03770,0.03770,0.0004,0.07540
26,0.393,0.0226,0.03910,0.03910,0.0005,0.07820
27,0.410,0.0244,0.04040,0.04040,0.0005,0.08080
28,0.425,0.0257,0.04180,0.04180,0.0006,0.08360
29,0.442,0.0269,0.04310,0.04310,0.0006,0.08620
30,0.457,0.0281,0.04440,0.04440,0.0006,0.08880
31,0.473,0.0287,0.04580,0.04580,0.0006,0.09160
32,0.489,0.0299,0.04710,0.04710,0.0006,0.09420
33,0.505,0.0306,0.04850,0.04850,0.0007,0.09700
34,0.522,0.0312,0.04980,0.04980,0.0007,0.09960
35,0.538,0.0324,0.05110,0.05110,0.0007,0.10220
36,0.554,0.0312,0.05240,0.05240,0.0007,0.10480
37,0.569,0.0330,0.05380,0.05380,0.0007,0.10760
38,0.585,0.0348,0.05510,0.05510,0.0008,0.11020
39,0.601,0.0354,0.05650,0.05650,0.0008,0.11300
40,0.618,0.0367,0.05780,0.05780,0.0008,0.11560
41,0.634,0.0373,0.05910,0.05910,0.0008,0.11820
42,0.649,0.0385,0.06050,0.06050,0.0008,0.12100
43,0.665,0.0397,0.06180,0.06180,0.0009,0.12360
44,0.681,0.0410,0.06310,0.06310,0.0009,0.12620
45,0.697,0.0416,0.06440,0.06440,0.0009,0.12880
46,0.714,0.0428,0.06580,0.06580,0.0009,0.13160
47,0.730,0.0428,0.06710,0.06710,0.0009,0.13420
48,0.746,0.0428,0.06850,0.06850,0.0009,0.13700
49,0.761,0.0440,0.06980,0.06980,0.0010,0.13960
50,0.777,0.0452,0.07110,0.07110,0.0010,0.14220
51,0.793,0.0465,0.07240,0.07240,0.0010,0.14480
52,0.809,0.0477,0.07370,0.07370,0.0010,0.14740
53,0.826,0.0489,0.07510,0.07510,0.0011,0.15020
54,0.842,0.0495,0.07640,0.07640,0.0011,0.15280
55,0.858,0.0507,0.07770,0.07770,0.0011,0.15540
56,0.873,0.0513,0.07900,0.07900,0.0011,0.15800
57,0.890,0.0513,0.08040,0.08040,0.0011,0.16080
58,0.906,0.0526,0.08180,0.08180,0.0011,0.16360
59,0.921,0.0526,0.08310,0.08310,0.0011,0.16620
60,0.937,0.0538,0.08440,0.08440,0.0012,0.16880
61,0.954,0.0550,0.08570,0.08570,0.0012,0.17140
62,0.970,0.0562,0.08710,0.08710,0.0012,0.17420
63,0.985,0.0568,0.08840,0.08840,0.0012,0.17680
64,1.001,0.0575,0.08980,0.08980,0.0012,0.17960
65,1.018,0.0587,0.09110,0.09110,0.0013,0.18220
66,1.033,0.0599,0.09240,0.09240,0.0013,0.18480
67,1.050,0.0605,0.09380,0.09380,0.0013,0.18760
68,1.066,0.0611,0.09510,0.09510,0.0013,0.19020
69,1.083,0.0623,0.09650,0.09650,0.0013,0.19300
70,1.097,0.0636,0.09780,0.09780,0.0014,0.19560
71,1.114,0.0642,0.09910,0.09910,0.0014,0.19820
72,1.130,0.0648,0.10040,0.10040,0.0014,0.20080
73,1.146,0.0654,0.10180,0.10180,0.0014,0.20360
74,1.161,0.0666,0.10310,0.10310,0.0014,0.20620
75,1.178,0.0678,0.10450,0.10450,0.0015,0.20900
76,1.194,0.0691,0.10580,0.10580,0.0015,0.21160
77,1.209,0.0697,0.10710,0.10710,0.0015,0.21420
78,1.226,0.0703,0.10840,0.10840,0.0015,0.21680
79,1.242,0.0721,0.10980,0.10980,0.0016,0.21960
80,1.258,0.0733,0.11110,0.11110,0.0016,0.22220
81,1.273,0.0752,0.11240,0.11240,0.0016,0.22480
82,1.290,0.0758,0.11370,0.11370,0.0016,0.22740
83,1.306,0.0758,0.11510,0.11510,0.0016,0.23020
84,1.322,0.0764,0.11640,0.11640,0.0017,0.23280
85,1.337,0.0770,0.11770,0.11770,0.0017,0.23540
86,1.355,0.0776,0.11910,0.11910,0.0017,0.23820
87,1.371,0.0788,0.12040,0.12040,0.0017,0.24080
88,1.386,0.0795,0.12170,0.12170,0.0017,0.24340
89,1.402,0.0801,0.12310,0.12310,0.0017,0.24620
90,1.419,0.0819,0.12440,0.12440,0.0018,0.24880
91,1.433,0.0825,0.12570,0.12570,0.0018,0.25140
92,1.450,0.0837,0.12710,0.12710,0.0018,0.25420
93,1.466,0.0862,0.12840,0.12840,0.0019,0.25680
94,1.482,0.0862,0.12980,0.12980,0.0019,0.25960
95,1.498,0.0868,0.13110,0.13110,0.0019,0.26220
96,1.514,0.0868,0.13240,0.13240,0.0019,0.26480
97,1.531,0.0874,0.13380,0.13380,0.0019,0.26760
98,1.546,0.0886,0.13510,0.13510,0.0019,0.27020
99,1.562,0.0898,0.13650,0.13650,0.0019,0.27300
100,1.578,0.0911,0.13780,0.13780,0.0020,0.27560
101,1.594,0.0917,0.13910,0.13910,0.0020,0.27820
102,1.610,0.0929,0.14050,0.14050,0.0020,0.28100
103,1.626,0.0935,0.14180,0.14180,0.0020,0.28360
104,1.643,0.0960,0.14310,0.14310,0.0021,0.28620
105,1.658,0.0972,0.14450,0.14450,0.0021,0.28900
106,1.674,0.0972,0.14580,0.14580,0.0021,0.29160
107,1.690,0.0972,0.14710,0.14710,0.0021,0.29420
108,1.706,0.0972,0.14840,0.14840,0.0021,0.29680
109,1.722,0.0978,0.14970,0.14970,0.0021,0.29940
110,1.738,0.0990,0.15110,0.15110,0.0021,0.30220
111,1.755,0.0996,0.15240,0.15240,0.0022,0.30480
112,1.771,0.1009,0.15370,0.15370,0.0022,0.30740
113,1.787,0.1015,0.15500,0.15500,0.0022,0.31000
114,1.803,0.1021,0.15640,0.15640,0.0022,0.31280
115,1.818,0.1027,0.15770,0.15770,0.0022,0.31540
116,1.834,0.1039,0.15910,0.15910,0.0022,0.31820
117,1.851,0.1051,0.16040,0.16040,0.0023,0.32080
118,1.867,0.1057,0.16170,0.16170,0.0023,0.32340
119,1.883,0.1070,0.16300,0.16300,0.0023,0.32600
120,1.898,0.1082,0.16440,0.16440,0.0023,0.32880
121,1.914,0.1088,0.16570,0.16570,0.0024,0.33140
122,1.931,0.1094,0.16710,0.16710,0.0024,0.33420
123,1.946,0.1100,0.16840,0.16840,0.0024,0.33680
124,1.962,0.1106,0.16970,0.16970,0.0024,0.33940
125,1.978,0.1119,0.17110,0.17110,0.0024,0.34220
126,1.995,0.1125,0.17240,0.17240,0.0024,0.34480
127,2.011,0.1149,0.17380,0.17380,0.0025,0.34760
128,2.026,0.1155,0.17510,0.17510,0.0025,0.35020
129,2.042,0.1161,0.17640,0.17640,0.0025,0.35280
130,2.058,0.1167,0.17780,0.17780,0.0025,0.35560
131,2.075,0.1180,0.17910,0.17910,0.0026,0.35820
132,2.091,0.1186,0.18050,0.18050,0.0026,0.36100
133,2.106,0.1192,0.18180,0.18180,0.0026,0.36360
134,2.122,0.1198,0.18310,0.18310,0.0026,0.36620
135,2.139,0.1204,0.18440,0.18440,0.0026,0.36880
136,2.154,0.1210,0.18580,0.18580,0.0026,0.37160
137,2.171,0.1216,0.18780,0.18780,0.0026,0.37560
138,2.187,0.1216,0.18910,0.18910,0.0026,0.37820
139,2.204,0.1235,0.19040,0.19040,0.0027,0.38080
140,2.219,0.1253,0.19180,0.19180,0.0027,0.38360
141,2.235,0.1265,0.19310,0.19310,0.0027,0.38620
142,2.251,0.1277,0.19440,0.19440,0.0028,0.38880
143,2.266,0.1284,0.19570,0.19570,0.0028,0.39140
144,2.283,0.1296,0.19700,0.19700,0.0028,0.39400
145,2.298,0.1302,0.19840,0.19840,0.0028,0.39680
146,2.316,0.1314,0.19970,0.19970,0.0028,0.39940
147,2.331,0.1326,0.20110,0.20110,0.0029,0.40220
148,2.347,0.1332,0.20240,0.20240,0.0029,0.40480
149,2.363,0.1320,0.20370,0.20370,0.0029,0.40740
150,2.379,0.1332,0.20500,0.20500,0.0029,0.41000
151,2.395,0.1339,0.20640,0.20640,0.0029,0.41280
152,2.410,0.1351,0.20770,0.20770,0.0029,0.41540
153,2.428,0.1363,0.20910,0.20910,0.0029,0.41820
154,2.443,0.1375,0.21040,0.21040,0.0030,0.42080
155,2.459,0.1381,0.21170,0.21170,0.0030,0.42340
156,2.475,0.1394,0.21310,0.21310,0.0030,0.42620
157,2.491,0.1400,0.21440,0.21440,0.0030,0.42880
158,2.506,0.1406,0.21580,0.21580,0.0030,0.43160
159,2.523,0.1418,0.21710,0.21710,0.0031,0.43420
160,2.540,0.1418,0.21840,0.21840,0.0031,0.43680
161,2.555,0.1418,0.21980,0.21980,0.0031,0.43960
162,2.571,0.1430,0.22110,0.22110,0.0031,0.44220
163,2.588,0.1449,0.22250,0.22250,0.0031,0.44500
164,2.604,0.1461,0.22380,0.22380,0.0032,0.44760
165,2.620,0.1473,0.22510,0.22510,0.0032,0.45020
166,2.635,0.1479,0.22640,0.22640,0.0032,0.45280
167,2.652,0.1485,0.22780,0.22780,0.0032,0.45560
168,2.667,0.1497,0.22910,0.22910,0.0032,0.45820
169,2.683,0.1510,0.23040,0.23040,0.0033,0.46080
170,2.699,0.1516,0.23170,0.23170,0.0033,0.46340
171,2.715,0.1522,0.23310,0.23310,0.0033,0.46620
172,2.731,0.1534,0.23440,0.23440,0.0033,0.46880
173,2.748,0.1540,0.23570,0.23570,0.0033,0.47140
174,2.764,0.1553,0.23710,0.23710,0.0034,0.47420
175,2.779,0.1559,0.23840,0.23840,0.0034,0.47680
176,2.795,0.1571,0.23970,0.23970,0.0034,0.47940
177,2.811,0.1577,0.24100,0.24100,0.0034,0.48200
178,2.828,0.1583,0.24240,0.24240,0.0034,0.48480
179,2.843,0.1595,0.24370,0.24370,0.0034,0.48740
180,2.860,0.1601,0.24500,0.24500,0.0035,0.49000
181,2.876,0.1608,0.24640,0.24640,0.0035,0.49280
182,2.892,0.1614,0.24770,0.24770,0.0035,0.49540
183,2.907,0.1626,0.24910,0.24910,0.0035,0.49820
184,2.923,0.1626,0.25040,0.25040,0.0035,0.50080
185,2.940,0.1638,0.25170,0.25170,0.0035,0.50340
186,2.955,0.1650,0.25300,0.25300,0.0036,0.50600
187,2.972,0.1663,0.25440,0.25440,0.0036,0.50880
188,2.989,0.1669,0.25580,0.25580,0.0036,0.51160
189,3.004,0.1681,0.25710,0.25710,0.0036,0.51420
190,3.019,0.1687,0.25840,0.25840,0.0036,0.51680
191,3.036,0.1699,0.25970,0.25970,0.0037,0.51940
192,3.051,0.1705,0.26110,0.26110,0.0037,0.52220
193,3.068,0.1711,0.26240,0.26240,0.0037,0.52480
194,3.083,0.1730,0.26380,0.26380,0.0037,0.52760
195,3.101,0.1748,0.26510,0.26510,0.0038,0.53020
196,3.116,0.1748,0.26640,0.26640,0.0038,0.53280
197,3.131,0.1748,0.26780,0.26780,0.0038,0.53560
198,3.147,0.1754,0.26910,0.26910,0.0038,0.53820
199,3.164,0.1760,0.27040,0.27040,0.0038,0.54080
200,3.179,0.1766,0.27180,0.27180,0.0038,0.54360
201,3.197,0.1773,0.27310,0.27310,0.0038,0.54620
202,3.212,0.1785,0.27440,0.27440,0.0039,0.54880
203,3.228,0.1797,0.27570,0.27570,0.0039,0.55140
204,3.244,0.1803,0.27710,0.27710,0.0039,0.55420
205,3.260,0.1815,0.27840,0.27840,0.0039,0.55680
206,3.276,0.1834,0.27970,0.27970,0.0040,0.55940
207,3.291,0.1834,0.28100,0.28100,0.0040,0.56200
208,3.309,0.1834,0.28240,0.28240,0.0040,0.56480
209,3.325,0.1846,0.28370,0.28370,0.0040,0.56740
210,3.340,0.1852,0.28500,0.28500,0.0040,0.57000
211,3.356,0.1864,0.28630,0.28630,0.0040,0.57260
212,3.372,0.1870,0.28770,0.28770,0.0040,0.57540
213,3.388,0.1883,0.28900,0.28900,0.0041,0.57800
214,3.405,0.1889,0.29040,0.29040,0.0041,0.58080
215,3.421,0.1895,0.29170,0.29170,0.0041,0.58340
216,3.438,0.1901,0.29300,0.29300,0.0041,0.58600
217,3.452,0.1919,0.29440,0.29440,0.0041,0.58880
218,3.468,0.1931,0.29570,0.29570,0.0042,0.59140
219,3.484,0.1938,0.29710,0.29710,0.0042,0.59420
220,3.500,0.1944,0.29840,0.29840,0.0042,0.59680
221,3.517,0.1950,0.29970,0.29970,0.0042,0.59940
222,3.532,0.1950,0.30110,0.30110,0.0042,0.60220
223,3.549,0.1962,0.30240,0.30240,0.0042,0.60480
224,3.564,0.1974,0.30380,0.30380,0.0043,0.60760
225,3.580,0.1980,0.30510,0.30510,0.0043,0.61020
226,3.596,0.1986,0.30640,0.30640,0.0043,0.61280
227,3.612,0.1993,0.30770,0.30770,0.0043,0.61540
228,3.629,0.2005,0.30910,0.30910,0.0043,0.61820
229,3.644,0.2035,0.31040,0.31040,0.0044,0.62080
230,3.661,0.2029,0.31180,0.31180,0.0044,0.62360
231,3.676,0.2035,0.31310,0.31310,0.0044,0.62620
232,3.692,0.2041,0.31440,0.31440,0.0044,0.62880
233,3.708,0.2048,0.31570,0.31570,0.0044,0.63140
234,3.724,0.2054,0.31710,0.31710,0.0044,0.63420
235,3.740,0.2060,0.31840,0.31840,0.0045,0.63680
236,3.757,0.2072,0.31970,0.31970,0.0045,0.63940
237,3.773,0.2078,0.32100,0.32100,0.0045,0.64200
238,3.789,0.2084,0.32230,0.32230,0.0045,0.64460
239,3.804,0.2090,0.32370,0.32370,0.0045,0.64740
240,3.821,0.2115,0.32500,0.32500,0.0046,0.65000
241,3.837,0.2127,0.32640,0.32640,0.0046,0.65280
242,3.852,0.2127,0.32770,0.32770,0.0046,0.65540
243,3.869,0.2133,0.32900,0.32900,0.0046,0.65800
244,3.884,0.2133,0.33030,0.33030,0.0046,0.66060
245,3.900,0.2139,0.33170,0.33170,0.0046,0.66340
246,3.916,0.2145,0.33300,0.33300,0.0046,0.66600
247,3.933,0.2152,0.33440,0.33440,0.0047,0.66880
248,3.948,0.2164,0.33570,0.33570,0.0047,0.67140
249,3.965,0.2170,0.33700,0.33700,0.0047,0.67400
250,3.980,0.2176,0.33840,0.33840,0.0047,0.67680
251,3.996,0.2194,0.33970,0.33970,0.0047,0.67940
252,4.013,0.2219,0.34110,0.34110,0.0048,0.68220
253,4.029,0.2225,0.34240,0.34240,0.0048,0.68480
254,4.045,0.2219,0.34370,0.34370,0.0048,0.68740
255,4.061,0.2225,0.34510,0.34510,0.0048,0.69020
256,4.076,0.2231,0.34640,0.34640,0.0048,0.69280
257,4.093,0.2231,0.34780,0.34780,0.0048,0.69560
258,4.109,0.2237,0.34910,0.34910,0.0048,0.69820
259,4.126,0.2243,0.35040,0.35040,0.0048,0.70080
260,4.141,0.2255,0.35180,0.35180,0.0049,0.70360
261,4.157,0.2268,0.35310,0.35310,0.0049,0.70620
262,4.173,0.2274,0.35440,0.35440,0.0049,0.70880
263,4.189,0.2292,0.35570,0.35570,0.0050,0.71140
264,4.205,0.2298,0.35700,0.35700,0.0050,0.71400
265,4.222,0.2304,0.35840,0.35840,0.0050,0.71680
266,4.238,0.2310,0.35970,0.35970,0.0050,0.71940
267,4.253,0.2323,0.36110,0.36110,0.0050,0.72220
268,4.269,0.2329,0.36240,0.36240,0.0050,0.72480
269,4.285,0.2335,0.36370,0.36370,0.0050,0.72740
270,4.301,0.2341,0.36500,0.36500,0.0051,0.73000
271,4.317,0.2341,0.36640,0.36640,0.0051,0.73280
272,4.333,0.2347,0.36770,0.36770,0.0051,0.73540
273,4.349,0.2353,0.36900,0.36900,0.0051,0.73800
274,4.365,0.2365,0.37030,0.37030,0.0051,0.74060
275,4.383,0.2384,0.37170,0.37170,0.0052,0.74340
276,4.398,0.2390,0.37300,0.37300,0.0052,0.74600
277,4.414,0.2396,0.37440,0.37440,0.0052,0.74880
278,4.430,0.2402,0.37570,0.37570,0.0052,0.75140
279,4.446,0.2408,0.37700,0.37700,0.0052,0.75400
280,4.462,0.2408,0.37830,0.37830,0.0052,0.75660
281,4.477,0.2414,0.37970,0.37970,0.0052,0.75940
282,4.493,0.2427,0.38110,0.38110,0.0052,0.76220
283,4.509,0.2433,0.38240,0.38240,0.0053,0.76480
284,4.525,0.2439,0.38370,0.38370,0.0053,0.76740
285,4.541,0.2451,0.38500,0.38500,0.0053,0.77000
286,4.558,0.2482,0.38640,0.38640,0.0054,0.77280
287,4.573,0.2482,0.38770,0.38770,0.0054,0.77540
288,4.590,0.2482,0.38910,0.38910,0.0054,0.77820
289,4.606,0.2488,0.39040,0.39040,0.0054,0.78080
290,4.621,0.2494,0.39170,0.39170,0.0054,0.78340
291,4.638,0.2500,0.39310,0.39310,0.0054,0.78620
292,4.654,0.2506,0.39440,0.39440,0.0054,0.78880
293,4.670,0.2518,0.39570,0.39570,0.0054,0.79140
294,4.686,0.2524,0.39710,0.39710,0.0055,0.79420
295,4.701,0.2530,0.39840,0.39840,0.0055,0.79680
296,4.717,0.2537,0.39970,0.39970,0.0055,0.79940
297,4.733,0.2555,0.40100,0.40100,0.0055,0.80200
298,4.749,0.2573,0.40240,0.40240,0.0056,0.80480
299,4.766,0.2567,0.40370,0.40370,0.0055,0.80740
300,4.782,0.2573,0.40500,0.40500,0.0056,0.81000
301,4.797,0.2579,0.40630,0.40630,0.0056,0.81260
302,4.814,0.2585,0.40770,0.40770,0.0056,0.81540
303,4.830,0.2592,0.40900,0.40900,0.0056,0.81800
304,4.846,0.2598,0.41030,0.41030,0.0056,0.82060
305,4.861,0.2598,0.41160,0.41160,0.0056,0.82320
306,4.877,0.2604,0.41300,0.41300,0.0056,0.82600
307,4.894,0.2616,0.41430,0.41430,0.0057,0.82860
308,4.910,0.2622,0.41570,0.41570,0.0057,0.83140
309,4.926,0.2640,0.41700,0.41700,0.0057,0.83400
310,4.942,0.2640,0.41830,0.41830,0.0057,0.83660
311,4.957,0.2647,0.41970,0.41970,0.0057,0.83940
312,4.974,0.2653,0.42100,0.42100,0.0057,0.84200
313,4.990,0.2665,0.42240,0.42240,0.0058,0.84480
314,5.007,0.2671,0.42370,0.42370,0.0058,0.84740
315,5.022,0.2677,0.42500,0.42500,0.0058,0.85000
316,5.038,0.2689,0.42640,0.42640,0.0058,0.85280
317,5.055,0.2696,0.42770,0.42770,0.0058,0.85540
318,5.070,0.2708,0.42910,0.42910,0.0059,0.85820
319,5.086,0.2714,0.43040,0.43040,0.0059,0.86080
320,5.102,0.2726,0.43170,0.43170,0.0059,0.86340
321,5.119,0.2738,0.43300,0.43300,0.0059,0.86600
322,5.134,0.2738,0.43440,0.43440,0.0059,0.86880
323,5.150,0.2738,0.43570,0.43570,0.0059,0.87140
324,5.166,0.2744,0.43710,0.43710,0.0059,0.87420
325,5.182,0.2751,0.43840,0.43840,0.0059,0.87680
326,5.198,0.2757,0.43970,0.43970,0.0060,0.87940
327,5.214,0.2763,0.44100,0.44100,0.0060,0.88200
328,5.230,0.2769,0.44240,0.44240,0.0060,0.88480
329,5.246,0.2781,0.44370,0.44370,0.0060,0.88740
330,5.262,0.2787,0.44500,0.44500,0.0060,0.89000
331,5.278,0.2799,0.44630,0.44630,0.0060,0.89260
332,5.294,0.2818,0.44770,0.44770,0.0061,0.89540
333,5.310,0.2818,0.44900,0.44900,0.0061,0.89800
334,5.326,0.2824,0.45030,0.45030,0.0061,0.90060
335,5.343,0.2830,0.45170,0.45170,0.0061,0.90340
336,5.358,0.2842,0.45300,0.45300,0.0061,0.90600
337,5.374,0.2848,0.45430,0.45430,0.0062,0.90860
338,5.390,0.2854,0.45570,0.45570,0.0062,0.91140
339,5.406,0.2861,0.45700,0.45700,0.0062,0.91400
340,5.422,0.2873,0.45830,0.45830,0.0062,0.91660
341,5.438,0.2879,0.45970,0.45970,0.0062,0.91940
342,5.455,0.2885,0.46100,0.46100,0.0062,0.92200
343,5.471,0.2909,0.46230,0.46230,0.0063,0.92460
344,5.487,0.2916,0.46370,0.46370,0.0063,0.92740
345,5.502,0.2916,0.46510,0.46510,0.0063,0.93020
346,5.518,0.2916,0.46640,0.46640,0.0063,0.93280
347,5.534,0.2916,0.46770,0.46770,0.0063,0.93540
348,5.550,0.2922,0.46900,0.46900,0.0063,0.93800
349,5.567,0.2928,0.47040,0.47040,0.0063,0.94080
350,5.582,0.2934,0.47170,0.47170,0.0063,0.94340
351,5.599,0.2940,0.47310,0.47310,0.0064,0.94620
352,5.614,0.2952,0.47440,0.47440,0.0064,0.94880
353,5.631,0.2964,0.47570,0.47570,0.0064,0.95140
354,5.646,0.2958,0.47710,0.47710,0.0064,0.95420
355,5.662,0.2971,0.47840,0.47840,0.0064,0.95680
356,5.678,0.2983,0.47970,0.47970,0.0064,0.95940
357,5.695,0.2995,0.48100,0.48100,0.0065,0.96200
358,5.710,0.3001,0.48230,0.48230,0.0065,0.96460
359,5.727,0.3007,0.48370,0.48370,0.0065,0.96740
360,5.742,0.3007,0.48500,0.48500,0.0065,0.97000
361,5.759,0.3019,0.48640,0.48640,0.0065,0.97280
362,5.775,0.3026,0.48770,0.48770,0.0065,0.97540
363,5.792,0.3038,0.48900,0.48900,0.0066,0.97800
364,5.806,0.3044,0.49030,0.49030,0.0066,0.98060
365,5.823,0.3044,0.49170,0.49170,0.0066,0.98340
366,5.839,0.3050,0.49300,0.49300,0.0066,0.98600
367,5.855,0.3062,0.49430,0.49430,0.0066,0.98860
368,5.870,0.3068,0.49560,0.49560,0.0066,0.99120
369,5.887,0.3081,0.49700,0.49700,0.0067,0.99400
370,5.904,0.3093,0.49830,0.49830,0.0067,0.99660
371,5.918,0.3093,0.49970,0.49970,0.0067,0.99940
372,5.935,0.3099,0.50100,0.50100,0.0067,1.00200
373,5.951,0.3111,0.50230,0.50230,0.0067,1.00460
374,5.966,0.3111,0.50370,0.50370,0.0067,1.00740
375,5.983,0.3117,0.50500,0.50500,0.0067,1.01000
376,5.998,0.3123,0.50640,0.50640,0.0067,1.01280
377,6.015,0.3117,0.50770,0.50770,0.0067,1.01540
378,6.031,0.3129,0.50900,0.50900,0.0068,1.01800
379,6.047,0.3142,0.51040,0.51040,0.0068,1.02080
380,6.063,0.3154,0.51170,0.51170,0.0068,1.02340
381,6.079,0.3160,0.51310,0.51310,0.0068,1.02620
382,6.095,0.3172,0.51440,0.51440,0.0069,1.02880
383,6.111,0.3178,0.51570,0.51570,0.0069,1.03140
384,6.127,0.3191,0.51700,0.51700,0.0069,1.03400
385,6.143,0.3203,0.51840,0.51840,0.0069,1.03680
386,6.158,0.3209,0.51970,0.51970,0.0069,1.03940
387,6.175,0.3209,0.52110,0.52110,0.0069,1.04220
388,6.191,0.3209,0.52240,0.52240,0.0069,1.04480
389,6.207,0.3203,0.52370,0.52370,0.0069,1.04740
390,6.223,0.3215,0.52500,0.52500,0.0069,1.05000
391,6.240,0.3227,0.52640,0.52640,0.0070,1.05280
392,6.256,0.3239,0.52770,0.52770,0.0070,1.05540
393,6.271,0.3252,0.52900,0.52900,0.0070,1.05800
394,6.288,0.3264,0.53030,0.53030,0.0071,1.06060
395,6.303,0.3270,0.53160,0.53160,0.0071,1.06320
396,6.319,0.3276,0.53300,0.53300,0.0071,1.06600
397,6.336,0.3282,0.53430,0.53430,0.0071,1.06860
398,6.352,0.3288,0.53560,0.53560,0.0071,1.07120
399,6.367,0.3301,0.53700,0.53700,0.0071,1.07400
400,6.383,0.3288,0.53830,0.53830,0.0071,1.07660
401,6.400,0.3301,0.53970,0.53970,0.0071,1.07940
402,6.416,0.3307,0.54100,0.54100,0.0071,1.08200
403,6.432,0.3313,0.54230,0.54230,0.0072,1.08460
404,6.447,0.3325,0.54360,0.54360,0.0072,1.08720
405,6.464,0.3331,0.54500,0.54500,0.0072,1.09000
406,6.479,0.3343,0.54630,0.54630,0.0072,1.09260
407,6.495,0.3356,0.54770,0.54770,0.0073,1.09540
408,6.512,0.3362,0.54900,0.54900,0.0073,1.09800
409,6.527,0.3368,0.55030,0.55030,0.0073,1.10060
410,6.543,0.3380,0.55170,0.55170,0.0073,1.10340
411,6.559,0.3380,0.55300,0.55300,0.0073,1.10600
412,6.576,0.3374,0.55440,0.55440,0.0073,1.10880
413,6.592,0.3386,0.55570,0.55570,0.0073,1.11140
414,6.608,0.3398,0.55700,0.55700,0.0073,1.11400
415,6.623,0.3411,0.55840,0.55840,0.0074,1.11680
416,6.639,0.3423,0.55970,0.55970,0.0074,1.11940
417,6.655,0.3429,0.56110,0.56110,0.0074,1.12220
418,6.671,0.3435,0.56240,0.56240,0.0074,1.12480
419,6.688,0.3441,0.56370,0.56370,0.0074,1.12740
420,6.703,0.3453,0.56500,0.56500,0.0075,1.13000
421,6.719,0.3460,0.56630,0.56630,0.0075,1.13260
422,6.735,0.3460,0.56770,0.56770,0.0075,1.13540
423,6.752,0.3447,0.56900,0.56900,0.0074,1.13800
424,6.767,0.3460,0.57030,0.57030,0.0075,1.14060
425,6.783,0.3472,0.57160,0.57160,0.0075,1.14320
426,6.800,0.3484,0.57300,0.57300,0.0075,1.14600
427,6.815,0.3490,0.57430,0.57430,0.0075,1.14860
428,6.831,0.3496,0.57570,0.57570,0.0076,1.15140
429,6.848,0.3502,0.57700,0.57700,0.0076,1.15400
430,6.863,0.3515,0.57830,0.57830,0.0076,1.15660
431,6.880,0.3527,0.57960,0.57960,0.0076,1.15920
432,6.896,0.3539,0.58100,0.58100,0.0076,1.16200
433,6.912,0.3545,0.58230,0.58230,0.0077,1.16460
434,6.928,0.3539,0.58370,0.58370,0.0076,1.16740
435,6.944,0.3539,0.58500,0.58500,0.0076,1.17000
436,6.960,0.3551,0.58630,0.58630,0.0077,1.17260
437,6.975,0.3563,0.58770,0.58770,0.0077,1.17540
438,6.992,0.3570,0.58900,0.58900,0.0077,1.17800
439,7.007,0.3582,0.59040,0.59040,0.0077,1.18080
440,7.025,0.3594,0.59170,0.59170,0.0078,1.18340
441,7.039,0.3600,0.59300,0.59300,0.0078,1.18600
442,7.056,0.3606,0.59440,0.59440,0.0078,1.18880
443,7.072,0.3612,0.59570,0.59570,0.0078,1.19140
444,7.088,0.3618,0.59700,0.59700,0.0078,1.19400
445,7.105,0.3625,0.59840,0.59840,0.0078,1.19680
446,7.120,0.3612,0.59970,0.59970,0.0078,1.19940
447,7.136,0.3631,0.60100,0.60100,0.0078,1.20200
448,7.152,0.3637,0.60240,0.60240,0.0079,1.20480
449,7.168,0.3649,0.60370,0.60370,0.0079,1.20740
450,7.184,0.3655,0.60500,0.60500,0.0079,1.21000
451,7.200,0.3661,0.60630,0.60630,0.0079,1.21260
452,7.216,0.3667,0.60770,0.60770,0.0079,1.21540
453,7.232,0.3673,0.60900,0.60900,0.0079,1.21800
454,7.249,0.3686,0.61030,0.61030,0.0080,1.22060
455,7.264,0.3692,0.61170,0.61170,0.0080,1.22340
456,7.280,0.3704,0.61300,0.61300,0.0080,1.22600
457,7.296,0.3704,0.61430,0.61430,0.0080,1.22860
458,7.312,0.3704,0.61560,0.61560,0.0080,1.23120
459,7.329,0.3716,0.61700,0.61700,0.0080,1.23400
460,7.344,0.3728,0.61830,0.61830,0.0081,1.23660
461,7.361,0.3735,0.61960,0.61960,0.0081,1.23920
462,7.376,0.3747,0.62090,0.62090,0.0081,1.24180
463,7.392,0.3753,0.62230,0.62230,0.0081,1.24460
464,7.409,0.3759,0.62370,0.62370,0.0081,1.24740
465,7.424,0.3771,0.62500,0.62500,0.0081,1.25000
466,7.440,0.3777,0.62630,0.62630,0.0082,1.25260
467,7.456,0.3790,0.62760,0.62760,0.0082,1.25520
468,7.473,0.3790,0.62900,0.62900,0.0082,1.25800
469,7.488,0.3783,0.63030,0.63030,0.0082,1.26060
470,7.505,0.3796,0.63170,0.63170,0.0082,1.26340
471,7.521,0.3814,0.63300,0.63300,0.0082,1.26600
472,7.537,0.3820,0.63430,0.63430,0.0083,1.26860
473,7.553,0.3826,0.63570,0.63570,0.0083,1.27140
474,7.569,0.3832,0.63700,0.63700,0.0083,1.27400
475,7.585,0.3838,0.63840,0.63840,0.0083,1.27680
476,7.600,0.3845,0.63970,0.63970,0.0083,1.27940
477,7.617,0.3851,0.64100,0.64100,0.0083,1.28200
478,7.633,0.3857,0.64230,0.64230,0.0083,1.28460
479,7.649,0.3863,0.64370,0.64370,0.0083,1.28740
480,7.665,0.3857,0.64500,0.64500,0.0083,1.29000
481,7.681,0.3857,0.64640,0.64640,0.0083,1.29280
482,7.697,0.3869,0.64770,0.64770,0.0084,1.29540
483,7.713,0.3881,0.64900,0.64900,0.0084,1.29800
484,7.729,0.3887,0.65030,0.65030,0.0084,1.30060
485,7.744,0.3900,0.65170,0.65170,0.0084,1.30340
486,7.761,0.3906,0.65300,0.65300,0.0084,1.30600
487,7.777,0.3918,0.65430,0.65430,0.0085,1.30860
488,7.793,0.3930,0.65560,0.65560,0.0085,1.31120
489,7.809,0.3936,0.65700,0.65700,0.0085,1.31400
490,7.824,0.3942,0.65830,0.65830,0.0085,1.31660
491,7.840,0.3942,0.65960,0.65960,0.0085,1.31920
492,7.856,0.3930,0.66100,0.66100,0.0085,1.32200
493,7.873,0.3949,0.66230,0.66230,0.0085,1.32460
494,7.889,0.3961,0.66360,0.66360,0.0086,1.32720
495,7.905,0.3973,0.66500,0.66500,0.0086,1.33000
496,7.921,0.3979,0.66630,0.66630,0.0086,1.33260
497,7.938,0.3991,0.66760,0.66760,0.0086,1.33520
498,7.953,0.3997,0.66890,0.66890,0.0086,1.33780
499,7.968,0.4004,0.67030,0.67030,0.0087,1.34060
500,7.985,0.4010,0.67170,0.67170,0.0087,1.34340
501,8.002,0.4016,0.67300,0.67300,0.0087,1.34600
502,8.016,0.4022,0.67430,0.67430,0.0087,1.34860
503,8.033,0.4028,0.67570,0.67570,0.0087,1.35140
504,8.049,0.4034,0.67700,0.67700,0.0087,1.35400
505,8.064,0.4040,0.67840,0.67840,0.0087,1.35680
506,8.081,0.4046,0.67970,0.67970,0.0087,1.35940
507,8.097,0.4059,0.68100,0.68100,0.0088,1.36200
508,8.112,0.4065,0.68230,0.68230,0.0088,1.36460
509,8.129,0.4065,0.68370,0.68370,0.0088,1.36740
510,8.146,0.4077,0.68500,0.68500,0.0088,1.37000
511,8.161,0.4083,0.68640,0.68640,0.0088,1.37280
512,8.177,0.4095,0.68770,0.68770,0.0088,1.37540
513,8.193,0.4101,0.68900,0.68900,0.0089,1.37800
514,8.209,0.4107,0.69030,0.69030,0.0089,1.38060
515,8.225,0.4107,0.69170,0.69170,0.0089,1.38340
516,8.241,0.4114,0.69300,0.69300,0.0089,1.38600
517,8.258,0.4120,0.69430,0.69430,0.0089,1.38860
518,8.273,0.4126,0.69560,0.69560,0.0089,1.39120
519,8.289,0.4132,0.69690,0.69690,0.0089,1.39380
520,8.305,0.4138,0.69830,0.69830,0.0089,1.39660
521,8.321,0.4150,0.69960,0.69960,0.0090,1.39920
522,8.338,0.4156,0.70100,0.70100,0.0090,1.40200
523,8.354,0.4162,0.70230,0.70230,0.0090,1.40460
524,8.370,0.4169,0.70360,0.70360,0.0090,1.40720
525,8.385,0.4175,0.70490,0.70490,0.0090,1.40980
526,8.401,0.4175,0.70630,0.70630,0.0090,1.41260
527,8.417,0.4187,0.70760,0.70760,0.0090,1.41520
528,8.433,0.4193,0.70900,0.70900,0.0091,1.41800
529,8.449,0.4199,0.71030,0.71030,0.0091,1.42060
530,8.465,0.4205,0.71160,0.71160,0.0091,1.42320
531,8.482,0.4205,0.71300,0.71300,0.0091,1.42600
532,8.498,0.4211,0.71430,0.71430,0.0091,1.42860
533,8.513,0.4211,0.71570,0.71570,0.0091,1.43140
534,8.530,0.4217,0.71700,0.71700,0.0091,1.43400
535,8.545,0.4217,0.71830,0.71830,0.0091,1.43660
536,8.562,0.4224,0.71970,0.71970,0.0091,1.43940
537,8.578,0.4224,0.72100,0.72100,0.0091,1.44200
538,8.594,0.4217,0.72240,0.72240,0.0091,1.44480
539,8.609,0.4236,0.72370,0.72370,0.0092,1.44740
540,8.625,0.4248,0.72500,0.72500,0.0092,1.45000
541,8.641,0.4254,0.72630,0.72630,0.0092,1.45260
542,8.658,0.4260,0.72770,0.72770,0.0092,1.45540
543,8.674,0.4266,0.72900,0.72900,0.0092,1.45800
544,8.690,0.4279,0.73030,0.73030,0.0092,1.46060
545,8.706,0.4285,0.73160,0.73160,0.0093,1.46320
546,8.722,0.4285,0.73300,0.73300,0.0093,1.46600
547,8.738,0.4291,0.73430,0.73430,0.0093,1.46860
548,8.754,0.4297,0.73560,0.73560,0.0093,1.47120
549,8.770,0.4297,0.73700,0.73700,0.0093,1.47400
550,8.786,0.4303,0.73830,0.73830,0.0093,1.47660
551,8.802,0.4315,0.73960,0.73960,0.0093,1.47920
552,8.818,0.4321,0.74100,0.74100,0.0093,1.48200
553,8.833,0.4321,0.74230,0.74230,0.0093,1.48460
554,8.850,0.4334,0.74360,0.74360,0.0094,1.48720
555,8.865,0.4340,0.74490,0.74490,0.0094,1.48980
556,8.882,0.4346,0.74630,0.74630,0.0094,1.49260
557,8.899,0.4358,0.74760,0.74760,0.0094,1.49520
558,8.914,0.4370,0.74900,0.74900,0.0094,1.49800
559,8.931,0.4376,0.75030,0.75030,0.0095,1.50060
560,8.945,0.4389,0.75160,0.75160,0.0095,1.50320
561,8.962,0.4382,0.75290,0.75290,0.0095,1.50580
562,8.977,0.4389,0.75430,0.75430,0.0095,1.50860
563,8.994,0.4395,0.75570,0.75570,0.0095,1.51140
564,9.010,0.4401,0.75700,0.75700,0.0095,1.51400
565,9.026,0.4413,0.75830,0.75830,0.0095,1.51660
566,9.043,0.4419,0.75960,0.75960,0.0095,1.51920
567,9.058,0.4419,0.76100,0.76100,0.0095,1.52200
568,9.074,0.4425,0.76230,0.76230,0.0096,1.52460
569,9.090,0.4431,0.76370,0.76370,0.0096,1.52740
570,9.105,0.4431,0.76500,0.76500,0.0096,1.53000
571,9.122,0.4444,0.76630,0.76630,0.0096,1.53260
572,9.138,0.4450,0.76770,0.76770,0.0096,1.53540
573,9.155,0.4462,0.76900,0.76900,0.0096,1.53800
574,9.170,0.4468,0.77030,0.77030,0.0097,1.54060
575,9.186,0.4474,0.77170,0.77170,0.0097,1.54340
576,9.202,0.4480,0.77300,0.77300,0.0097,1.54600
577,9.218,0.4486,0.77430,0.77430,0.0097,1.54860
578,9.234,0.4493,0.77560,0.77560,0.0097,1.55120
579,9.250,0.4499,0.77700,0.77700,0.0097,1.55400
580,9.267,0.4505,0.77830,0.77830,0.0097,1.55660
581,9.282,0.4511,0.77960,0.77960,0.0097,1.55920
582,9.298,0.4517,0.78090,0.78090,0.0098,1.56180
583,9.314,0.4517,0.78230,0.78230,0.0098,1.56460
584,9.330,0.4517,0.78360,0.78360,0.0098,1.56720
585,9.346,0.4529,0.78490,0.78490,0.0098,1.56980
586,9.362,0.4541,0.78620,0.78620,0.0098,1.57240
587,9.379,0.4554,0.78760,0.78760,0.0098,1.57520
588,9.394,0.4560,0.78890,0.78890,0.0099,1.57780
589,9.410,0.4566,0.79030,0.79030,0.0099,1.58060
590,9.426,0.4578,0.79160,0.79160,0.0099,1.58320
591,9.443,0.4584,0.79290,0.79290,0.0099,1.58580
592,9.458,0.4584,0.79420,0.79420,0.0099,1.58840
593,9.474,0.4590,0.79560,0.79560,0.0099,1.59120
594,9.491,0.4596,0.79700,0.79700,0.0099,1.59400
595,9.507,0.4603,0.79830,0.79830,0.0099,1.59660
596,9.523,0.4609,0.79960,0.79960,0.0100,1.59920
597,9.538,0.4615,0.80100,0.80100,0.0100,1.60200
598,9.554,0.4615,0.80230,0.80230,0.0100,1.60460
599,9.570,0.4621,0.80360,0.80360,0.0100,1.60720
600,9.586,0.4627,0.80500,0.80500,0.0100,1.61000
601,9.603,0.4633,0.80630,0.80630,0.0100,1.61260
602,9.618,0.4645,0.80760,0.80760,0.0100,1.61520
603,9.634,0.4651,0.80900,0.80900,0.0101,1.61800
604,9.650,0.4651,0.81030,0.81030,0.0101,1.62060
605,9.666,0.4664,0.81170,0.81170,0.0101,1.62340
606,9.683,0.4682,0.81300,0.81300,0.0101,1.62600
607,9.699,0.4682,0.81430,0.81430,0.0101,1.62860
608,9.715,0.4682,0.81560,0.81560,0.0101,1.63120
609,9.731,0.4688,0.81700,0.81700,0.0101,1.63400
610,9.747,0.4694,0.81830,0.81830,0.0101,1.63660
611,9.763,0.4694,0.81960,0.81960,0.0101,1.63920
612,9.779,0.4700,0.82090,0.82090,0.0102,1.64180
613,9.795,0.4706,0.82220,0.82220,0.0102,1.64440
614,9.811,0.4713,0.82360,0.82360,0.0102,1.64720
615,9.827,0.4719,0.82560,0.82560,0.0102,1.65120
616,9.843,0.4731,0.82690,0.82690,0.0102,1.65380
617,9.859,0.4749,0.82820,0.82820,0.0103,1.65640
618,9.874,0.4749,0.82960,0.82960,0.0103,1.65920
619,9.891,0.4755,0.83090,0.83090,0.0103,1.66180
620,9.906,0.4755,0.83230,0.83230,0.0103,1.66460
621,9.923,0.4761,0.83360,0.83360,0.0103,1.66720
622,9.939,0.4768,0.83490,0.83490,0.0103,1.66980
623,9.955,0.4774,0.83620,0.83620,0.0103,1.67240
624,9.970,0.4780,0.83760,0.83760,0.0103,1.67520
625,9.987,0.4792,0.83900,0.83900,0.0104,1.67800
626,10.003,0.4798,0.84030,0.84030,0.0104,1.68060
627,10.019,0.4804,0.84160,0.84160,0.0104,1.68320
628,10.035,0.4816,0.84290,0.84290,0.0104,1.68580
629,10.052,0.4816,0.84430,0.84430,0.0104,1.68860
630,10.068,0.4823,0.84560,0.84560,0.0104,1.69120
631,10.083,0.4823,0.84700,0.84700,0.0104,1.69400
632,10.099,0.4823,0.84830,0.84830,0.0104,1.69660
633,10.115,0.4829,0.84960,0.84960,0.0104,1.69920
634,10.131,0.4829,0.85100,0.85100,0.0104,1.70200
635,10.147,0.4835,0.85230,0.85230,0.0104,1.70460
636,10.163,0.4847,0.85370,0.85370,0.0105,1.70740
637,10.179,0.4853,0.85500,0.85500,0.0105,1.71000
638,10.196,0.4865,0.85630,0.85630,0.0105,1.71260
639,10.211,0.4878,0.85760,0.85760,0.0105,1.71520
640,10.227,0.4902,0.85900,0.85900,0.0106,1.71800
641,10.243,0.4902,0.86030,0.86030,0.0106,1.72060
642,10.259,0.4902,0.86160,0.86160,0.0106,1.72320
643,10.276,0.4896,0.86290,0.86290,0.0106,1.72580
644,10.291,0.4896,0.86420,0.86420,0.0106,1.72840
645,10.307,0.4902,0.86560,0.86560,0.0106,1.73120
646,10.323,0.4902,0.86690,0.86690,0.0106,1.73380
647,10.340,0.4908,0.86820,0.86820,0.0106,1.73640
648,10.356,0.4914,0.86960,0.86960,0.0106,1.73920
649,10.372,0.4926,0.87090,0.87090,0.0106,1.74180
650,10.388,0.4939,0.87220,0.87220,0.0107,1.74440
651,10.403,0.4963,0.87360,0.87360,0.0107,1.74720
652,10.419,0.4963,0.87490,0.87490,0.0107,1.74980
653,10.435,0.4957,0.87620,0.87620,0.0107,1.75240
654,10.451,0.4963,0.87760,0.87760,0.0107,1.75520
655,10.467,0.4963,0.87890,0.87890,0.0107,1.75780
656,10.483,0.4963,0.88030,0.88030,0.0107,1.76060
657,10.500,0.4969,0.88160,0.88160,0.0107,1.76320
658,10.515,0.4975,0.88300,0.88300,0.0108,1.76600
659,10.531,0.4981,0.88430,0.88430,0.0108,1.76860
660,10.547,0.4988,0.88560,0.88560,0.0108,1.77120
661,10.563,0.4994,0.88700,0.88700,0.0108,1.77400
662,10.579,0.5006,0.88830,0.88830,0.0108,1.77660
663,10.596,0.5030,0.88960,0.88960,0.0109,1.77920
664,10.612,0.5030,0.89100,0.89100,0.0109,1.78200
665,10.627,0.5024,0.89230,0.89230,0.0109,1.78460
666,10.644,0.5030,0.89360,0.89360,0.0109,1.78720
667,10.660,0.5030,0.89500,0.89500,0.0109,1.79000
668,10.675,0.5037,0.89630,0.89630,0.0109,1.79260
669,10.692,0.5037,0.89760,0.89760,0.0109,1.79520
670,10.707,0.5043,0.89890,0.89890,0.0109,1.79780
671,10.724,0.5055,0.90030,0.90030,0.0109,1.80060
672,10.739,0.5061,0.90160,0.90160,0.0109,1.80320
673,10.755,0.5067,0.90290,0.90290,0.0110,1.80580
674,10.772,0.5085,0.90420,0.90420,0.0110,1.80840
675,10.788,0.5085,0.90560,0.90560,0.0110,1.81120
676,10.804,0.5085,0.90690,0.90690,0.0110,1.81380
677,10.821,0.5092,0.90830,0.90830,0.0110,1.81660
678,10.837,0.5092,0.90960,0.90960,0.0110,1.81920
679,10.852,0.5098,0.91090,0.91090,0.0110,1.82180
680,10.868,0.5104,0.91220,0.91220,0.0110,1.82440
681,10.884,0.5104,0.91360,0.91360,0.0110,1.82720
682,10.900,0.5116,0.91490,0.91490,0.0111,1.82980
683,10.916,0.5122,0.91630,0.91630,0.0111,1.83260
684,10.932,0.5122,0.91760,0.91760,0.0111,1.83520
685,10.948,0.5128,0.91890,0.91890,0.0111,1.83780
686,10.964,0.5147,0.92020,0.92020,0.0111,1.84040
687,10.980,0.5147,0.92160,0.92160,0.0111,1.84320
688,10.996,0.5147,0.92300,0.92300,0.0111,1.84600
689,11.012,0.5153,0.92430,0.92430,0.0111,1.84860
690,11.028,0.5159,0.92560,0.92560,0.0111,1.85120
691,11.044,0.5165,0.92690,0.92690,0.0112,1.85380
692,11.060,0.5165,0.92830,0.92830,0.0112,1.85660
693,11.076,0.5165,0.92960,0.92960,0.0112,1.85920
694,11.093,0.5171,0.93100,0.93100,0.0112,1.86200
695,11.108,0.5177,0.93230,0.93230,0.0112,1.86460
696,11.124,0.5189,0.93360,0.93360,0.0112,1.86720
697,11.141,0.5220,0.93500,0.93500,0.0113,1.87000
698,11.156,0.5220,0.93630,0.93630,0.0113,1.87260
699,11.173,0.5214,0.93760,0.93760,0.0113,1.87520
700,11.188,0.5220,0.93890,0.93890,0.0113,1.87780
701,11.205,0.5226,0.94030,0.94030,0.0113,1.88060
702,11.220,0.5226,0.94160,0.94160,0.0113,1.88320
703,11.236,0.5232,0.94290,0.94290,0.0113,1.88580
704,11.252,0.5238,0.94430,0.94430,0.0113,1.88860
705,11.268,0.5244,0.94560,0.94560,0.0113,1.89120
706,11.285,0.5244,0.94690,0.94690,0.0113,1.89380
707,11.300,0.5250,0.94820,0.94820,0.0113,1.89640
708,11.316,0.5269,0.94960,0.94960,0.0114,1.89920
709,11.333,0.5281,0.95090,0.95090,0.0114,1.90180
710,11.348,0.5281,0.95220,0.95220,0.0114,1.90440
711,11.364,0.5281,0.95350,0.95350,0.0114,1.90700
712,11.380,0.5281,0.95490,0.95490,0.0114,1.90980
713,11.397,0.5281,0.95620,0.95620,0.0114,1.91240
714,11.412,0.5287,0.95760,0.95760,0.0114,1.91520
715,11.429,0.5293,0.95890,0.95890,0.0114,1.91780
716,11.444,0.5293,0.96020,0.96020,0.0114,1.92040
717,11.461,0.5293,0.96160,0.96160,0.0114,1.92320
718,11.476,0.5305,0.96290,0.96290,0.0115,1.92580
719,11.493,0.5312,0.96430,0.96430,0.0115,1.92860
720,11.509,0.5342,0.96560,0.96560,0.0115,1.93120
721,11.525,0.5342,0.96690,0.96690,0.0115,1.93380
722,11.541,0.5342,0.96830,0.96830,0.0115,1.93660
723,11.556,0.5342,0.96960,0.96960,0.0115,1.93920
724,11.573,0.5348,0.97100,0.97100,0.0116,1.94200
725,11.588,0.5348,0.97230,0.97230,0.0116,1.94460
726,11.604,0.5360,0.97360,0.97360,0.0116,1.94720
727,11.621,0.5367,0.97490,0.97490,0.0116,1.94980
728,11.637,0.5367,0.97630,0.97630,0.0116,1.95260
729,11.653,0.5373,0.97760,0.97760,0.0116,1.95520
730,11.668,0.5373,0.97900,0.97900,0.0116,1.95800
731,11.685,0.5385,0.98030,0.98030,0.0116,1.96060
732,11.701,0.5403,0.98160,0.98160,0.0117,1.96320
733,11.717,0.5403,0.98290,0.98290,0.0117,1.96580
734,11.733,0.5403,0.98430,0.98430,0.0117,1.96860
735,11.748,0.5409,0.98560,0.98560,0.0117,1.97120
736,11.765,0.5415,0.98690,0.98690,0.0117,1.97380
737,11.781,0.5415,0.98820,0.98820,0.0117,1.97640
738,11.797,0.5415,0.98950,0.98950,0.0117,1.97900
739,11.813,0.5422,0.99090,0.99090,0.0117,1.98180
740,11.829,0.5422,0.99220,0.99220,0.0117,1.98440
741,11.846,0.5428,0.99360,0.99360,0.0117,1.98720
742,11.861,0.5440,0.99490,0.99490,0.0118,1.98980
743,11.877,0.5464,0.99620,0.99620,0.0118,1.99240
744,11.893,0.5458,0.99750,0.99750,0.0118,1.99500
745,11.908,0.5458,0.99890,0.99890,0.0118,1.99780
746,11.924,0.5464,1.00020,1.00020,0.0118,2.00040
747,11.941,0.5470,1.00150,1.00150,0.0118,2.00300
748,11.957,0.5470,1.00290,1.00290,0.0118,2.00580
749,11.972,0.5477,1.00420,1.00420,0.0118,2.00840
750,11.989,0.5483,1.00560,1.00560,0.0118,2.01120
751,12.005,0.5489,1.00690,1.00690,0.0119,2.01380
752,12.021,0.5495,1.00830,1.00830,0.0119,2.01660
753,12.038,0.5501,1.00960,1.00960,0.0119,2.01920
754,12.053,0.5525,1.01090,1.01090,0.0119,2.02180
755,12.069,0.5532,1.01230,1.01230,0.0120,2.02460
756,12.086,0.5525,1.01360,1.01360,0.0119,2.02720
757,12.101,0.5525,1.01490,1.01490,0.0119,2.02980
758,12.117,0.5532,1.01630,1.01630,0.0120,2.03260
759,12.134,0.5532,1.01760,1.01760,0.0120,2.03520
760,12.149,0.5532,1.01900,1.01900,0.0120,2.03800
761,12.165,0.5538,1.02030,1.02030,0.0120,2.04060
762,12.181,0.5538,1.02160,1.02160,0.0120,2.04320
763,12.198,0.5544,1.02290,1.02290,0.0120,2.04580
764,12.213,0.5550,1.02430,1.02430,0.0120,2.04860
765,12.230,0.5562,1.02560,1.02560,0.0120,2.05120
766,12.245,0.5587,1.02690,1.02690,0.0121,2.05380
767,12.261,0.5587,1.02830,1.02830,0.0121,2.05660
768,12.278,0.5587,1.02960,1.02960,0.0121,2.05920
769,12.294,0.5587,1.03090,1.03090,0.0121,2.06180
770,12.309,0.5587,1.03220,1.03220,0.0121,2.06440
771,12.325,0.5587,1.03360,1.03360,0.0121,2.06720
772,12.342,0.5593,1.03490,1.03490,0.0121,2.06980
773,12.357,0.5599,1.03620,1.03620,0.0121,2.07240
774,12.374,0.5599,1.03750,1.03750,0.0121,2.07500
775,12.390,0.5611,1.03890,1.03890,0.0121,2.07780
776,12.407,0.5617,1.04020,1.04020,0.0121,2.08040
777,12.420,0.5636,1.04160,1.04160,0.0122,2.08320
778,12.438,0.5642,1.04290,1.04290,0.0122,2.08580
779,12.454,0.5648,1.04420,1.04420,0.0122,2.08840
780,12.469,0.5648,1.04560,1.04560,0.0122,2.09120
781,12.486,0.5648,1.04690,1.04690,0.0122,2.09380
782,12.501,0.5648,1.04830,1.04830,0.0122,2.09660
783,12.518,0.5654,1.04960,1.04960,0.0122,2.09920
784,12.533,0.5654,1.05090,1.05090,0.0122,2.10180
785,12.551,0.5660,1.05220,1.05220,0.0122,2.10440
786,12.565,0.5660,1.05360,1.05360,0.0122,2.10720
787,12.582,0.5666,1.05500,1.05500,0.0122,2.11000
788,12.597,0.5672,1.05630,1.05630,0.0123,2.11260
789,12.613,0.5691,1.05760,1.05760,0.0123,2.11520
790,12.631,0.5691,1.05890,1.05890,0.0123,2.11780
791,12.646,0.5691,1.06030,1.06030,0.0123,2.12060
792,12.661,0.5691,1.06160,1.06160,0.0123,2.12320
793,12.678,0.5691,1.06290,1.06290,0.0123,2.12580
794,12.693,0.5703,1.06420,1.06420,0.0123,2.12840
795,12.710,0.5709,1.06560,1.06560,0.0123,2.13120
796,12.726,0.5715,1.06690,1.06690,0.0124,2.13380
797,12.743,0.5721,1.06830,1.06830,0.0124,2.13660
798,12.758,0.5727,1.06960,1.06960,0.0124,2.13920
799,12.774,0.5733,1.07090,1.07090,0.0124,2.14180
800,12.790,0.5758,1.07220,1.07220,0.0124,2.14440
801,12.806,0.5752,1.07350,1.07350,0.0124,2.14700
802,12.821,0.5752,1.07490,1.07490,0.0124,2.14980
803,12.838,0.5752,1.07620,1.07620,0.0124,2.15240
804,12.855,0.5758,1.07750,1.07750,0.0124,2.15500
805,12.871,0.5764,1.07890,1.07890,0.0125,2.15780
806,12.886,0.5764,1.08020,1.08020,0.0125,2.16040
807,12.902,0.5770,1.08160,1.08160,0.0125,2.16320
808,12.918,0.5776,1.08290,1.08290,0.0125,2.16580
809,12.934,0.5776,1.08420,1.08420,0.0125,2.16840
810,12.950,0.5776,1.08550,1.08550,0.0125,2.17100
811,12.966,0.5794,1.08690,1.08690,0.0125,2.17380
812,12.982,0.5807,1.08820,1.08820,0.0125,2.17640
813,12.998,0.5807,1.08960,1.08960,0.0125,2.17920
814,13.014,0.5807,1.09090,1.09090,0.0125,2.18180
815,13.030,0.5813,1.09220,1.09220,0.0126,2.18440
816,13.046,0.5813,1.09360,1.09360,0.0126,2.18720
817,13.062,0.5819,1.09490,1.09490,0.0126,2.18980
818,13.078,0.5819,1.09630,1.09630,0.0126,2.19260
819,13.094,0.5819,1.09760,1.09760,0.0126,2.19520
820,13.111,0.5825,1.09890,1.09890,0.0126,2.19780
821,13.127,0.5831,1.10030,1.10030,0.0126,2.20060
822,13.143,0.5831,1.10160,1.10160,0.0126,2.20320
823,13.159,0.5849,1.10290,1.10290,0.0126,2.20580
824,13.174,0.5849,1.10430,1.10430,0.0126,2.20860
825,13.191,0.5856,1.10560,1.10560,0.0127,2.21120
826,13.206,0.5862,1.10690,1.10690,0.0127,2.21380
827,13.222,0.5868,1.10820,1.10820,0.0127,2.21640
828,13.239,0.5874,1.10960,1.10960,0.0127,2.21920
829,13.254,0.5880,1.11090,1.11090,0.0127,2.22180
830,13.271,0.5886,1.11220,1.11220,0.0127,2.22440
831,13.287,0.5892,1.11350,1.11350,0.0127,2.22700
832,13.302,0.5898,1.11490,1.11490,0.0127,2.22980
833,13.319,0.5898,1.11620,1.11620,0.0127,2.23240
834,13.334,0.5904,1.11760,1.11760,0.0128,2.23520
835,13.350,0.5911,1.11890,1.11890,0.0128,2.23780
836,13.366,0.5917,1.12020,1.12020,0.0128,2.24040
837,13.382,0.5917,1.12150,1.12150,0.0128,2.24300
838,13.399,0.5917,1.12290,1.12290,0.0128,2.24580
839,13.415,0.5923,1.12420,1.12420,0.0128,2.24840
840,13.430,0.5929,1.12550,1.12550,0.0128,2.25100
841,13.447,0.5935,1.12690,1.12690,0.0128,2.25380
842,13.462,0.5941,1.12820,1.12820,0.0128,2.25640
843,13.478,0.5935,1.12960,1.12960,0.0128,2.25920
844,13.494,0.5935,1.13090,1.13090,0.0128,2.26180
845,13.511,0.5941,1.13220,1.13220,0.0128,2.26440
846,13.527,0.5959,1.13360,1.13360,0.0129,2.26720
847,13.543,0.5959,1.13490,1.13490,0.0129,2.26980
848,13.558,0.5966,1.13620,1.13620,0.0129,2.27240
849,13.574,0.5972,1.13760,1.13760,0.0129,2.27520
850,13.591,0.5972,1.13890,1.13890,0.0129,2.27780
851,13.607,0.5978,1.14030,1.14030,0.0129,2.28060
852,13.623,0.5984,1.14160,1.14160,0.0129,2.28320
853,13.640,0.5984,1.14290,1.14290,0.0129,2.28580
854,13.654,0.5990,1.14430,1.14430,0.0129,2.28860
855,13.671,0.5990,1.14560,1.14560,0.0129,2.29120
856,13.687,0.5996,1.14690,1.14690,0.0130,2.29380
857,13.703,0.6014,1.14820,1.14820,0.0130,2.29640
858,13.718,0.6021,1.14960,1.14960,0.0130,2.29920
859,13.734,0.6027,1.15090,1.15090,0.0130,2.30180
860,13.751,0.6027,1.15220,1.15220,0.0130,2.30440
861,13.766,0.6027,1.15350,1.15350,0.0130,2.30700
862,13.783,0.6033,1.15490,1.15490,0.0130,2.30980
863,13.799,0.6027,1.15620,1.15620,0.0130,2.31240
864,13.814,0.6033,1.15750,1.15750,0.0130,2.31500
865,13.831,0.6039,1.15890,1.15890,0.0131,2.31780
866,13.847,0.6045,1.16020,1.16020,0.0131,2.32040
867,13.863,0.6045,1.16150,1.16150,0.0131,2.32300
868,13.879,0.6051,1.16280,1.16280,0.0131,2.32560
869,13.894,0.6076,1.16420,1.16420,0.0131,2.32840
870,13.911,0.6076,1.16550,1.16550,0.0131,2.33100
871,13.927,0.6076,1.16690,1.16690,0.0131,2.33380
872,13.942,0.6076,1.16820,1.16820,0.0131,2.33640
873,13.959,0.6082,1.16950,1.16950,0.0131,2.33900
874,13.976,0.6082,1.17090,1.17090,0.0131,2.34180
875,13.991,0.6088,1.17220,1.17220,0.0132,2.34440
876,14.007,0.6094,1.17360,1.17360,0.0132,2.34720
877,14.023,0.6100,1.17490,1.17490,0.0132,2.34980
878,14.039,0.6100,1.17620,1.17620,0.0132,2.35240
879,14.055,0.6106,1.17760,1.17760,0.0132,2.35520
880,14.071,0.6137,1.17890,1.17890,0.0133,2.35780
881,14.088,0.6137,1.18030,1.18030,0.0133,2.36060
882,14.104,0.6131,1.18160,1.18160,0.0132,2.36320
883,14.119,0.6131,1.18290,1.18290,0.0132,2.36580
884,14.135,0.6131,1.18420,1.18420,0.0132,2.36840
885,14.151,0.6131,1.18560,1.18560,0.0132,2.37120
886,14.167,0.6131,1.18690,1.18690,0.0132,2.37380
887,14.184,0.6137,1.18820,1.18820,0.0133,2.37640
888,14.200,0.6137,1.18950,1.18950,0.0133,2.37900
889,14.215,0.6143,1.19090,1.19090,0.0133,2.38180
890,14.231,0.6149,1.19220,1.19220,0.0133,2.38440
891,14.247,0.6155,1.19360,1.19360,0.0133,2.38720
892,14.263,0.6167,1.19490,1.19490,0.0133,2.38980
893,14.279,0.6167,1.19620,1.19620,0.0133,2.39240
894,14.295,0.6173,1.19750,1.19750,0.0133,2.39500
895,14.312,0.6173,1.19880,1.19880,0.0133,2.39760
896,14.327,0.6173,1.20020,1.20020,0.0133,2.40040
897,14.344,0.6173,1.20150,1.20150,0.0133,2.40300
898,14.359,0.6180,1.20280,1.20280,0.0134,2.40560
899,14.376,0.6180,1.20420,1.20420,0.0134,2.40840
900,14.392,0.6186,1.20550,1.20550,0.0134,2.41100
901,14.407,0.6192,1.20690,1.20690,0.0134,2.41380
902,14.425,0.6198,1.20820,1.20820,0.0134,2.41640
903,14.439,0.6210,1.20950,1.20950,0.0134,2.41900
904,14.456,0.6216,1.21080,1.21080,0.0134,2.42160
905,14.471,0.6216,1.21220,1.21220,0.0134,2.42440
906,14.487,0.6222,1.21360,1.21360,0.0134,2.42720
907,14.505,0.6228,1.21490,1.21490,0.0135,2.42980
908,14.519,0.6228,1.21620,1.21620,0.0135,2.43240
909,14.536,0.6228,1.21750,1.21750,0.0135,2.43500
910,14.551,0.6235,1.21890,1.21890,0.0135,2.43780
911,14.568,0.6235,1.22020,1.22020,0.0135,2.44040
912,14.583,0.6241,1.22160,1.22160,0.0135,2.44320
913,14.600,0.6247,1.22290,1.22290,0.0135,2.44580
914,14.616,0.6253,1.22420,1.22420,0.0135,2.44840
915,14.632,0.6271,1.22560,1.22560,0.0136,2.45120
916,14.648,0.6271,1.22690,1.22690,0.0136,2.45380
917,14.663,0.6271,1.22820,1.22820,0.0136,2.45640
918,14.680,0.6271,1.22960,1.22960,0.0136,2.45920
919,14.696,0.6271,1.23090,1.23090,0.0136,2.46180
920,14.712,0.6271,1.23220,1.23220,0.0136,2.46440
921,14.727,0.6277,1.23350,1.23350,0.0136,2.46700
922,14.744,0.6283,1.23490,1.23490,0.0136,2.46980
923,14.760,0.6290,1.23620,1.23620,0.0136,2.47240
924,14.775,0.6296,1.23750,1.23750,0.0136,2.47500
925,14.792,0.6296,1.23880,1.23880,0.0136,2.47760
926,14.808,0.6290,1.24020,1.24020,0.0136,2.48040
927,14.824,0.6302,1.24150,1.24150,0.0136,2.48300
928,14.840,0.6308,1.24290,1.24290,0.0136,2.48580
929,14.856,0.6308,1.24420,1.24420,0.0136,2.48840
930,14.873,0.6314,1.24550,1.24550,0.0136,2.49100
931,14.889,0.6326,1.24680,1.24680,0.0137,2.49360
932,14.905,0.6326,1.24820,1.24820,0.0137,2.49640
933,14.921,0.6332,1.24950,1.24950,0.0137,2.49900
934,14.936,0.6338,1.25080,1.25080,0.0137,2.50160
935,14.952,0.6338,1.25220,1.25220,0.0137,2.50440
936,14.968,0.6338,1.25350,1.25350,0.0137,2.50700
937,14.984,0.6332,1.25490,1.25490,0.0137,2.50980
938,15.001,0.6338,1.25620,1.25620,0.0137,2.51240
939,15.016,0.6345,1.25750,1.25750,0.0137,2.51500
940,15.033,0.6351,1.25890,1.25890,0.0137,2.51780
941,15.048,0.6357,1.26020,1.26020,0.0137,2.52040
942,15.064,0.6357,1.26160,1.26160,0.0137,2.52320
943,15.080,0.6369,1.26290,1.26290,0.0138,2.52580
944,15.096,0.6369,1.26420,1.26420,0.0138,2.52840
945,15.112,0.6375,1.26550,1.26550,0.0138,2.53100
946,15.128,0.6387,1.26690,1.26690,0.0138,2.53380
947,15.144,0.6387,1.26820,1.26820,0.0138,2.53640
948,15.161,0.6375,1.26960,1.26960,0.0138,2.53920
949,15.177,0.6369,1.27090,1.27090,0.0138,2.54180
950,15.192,0.6381,1.27220,1.27220,0.0138,2.54440
951,15.209,0.6393,1.27350,1.27350,0.0138,2.54700
952,15.225,0.6400,1.27490,1.27490,0.0138,2.54980
953,15.240,0.6406,1.27620,1.27620,0.0138,2.55240
954,15.256,0.6412,1.27750,1.27750,0.0139,2.55500
955,15.273,0.6418,1.27880,1.27880,0.0139,2.55760
956,15.289,0.6424,1.28020,1.28020,0.0139,2.56040
957,15.304,0.6424,1.28150,1.28150,0.0139,2.56300
958,15.322,0.6424,1.28280,1.28280,0.0139,2.56560
959,15.337,0.6424,1.28420,1.28420,0.0139,2.56840
960,15.353,0.6412,1.28550,1.28550,0.0139,2.57100
961,15.368,0.6424,1.28680,1.28680,0.0139,2.57360
962,15.385,0.6430,1.28810,1.28810,0.0139,2.57620
963,15.400,0.6442,1.28950,1.28950,0.0139,2.57900
964,15.417,0.6448,1.29080,1.29080,0.0139,2.58160
965,15.433,0.6455,1.29220,1.29220,0.0139,2.58440
966,15.448,0.6461,1.29350,1.29350,0.0140,2.58700
967,15.465,0.6467,1.29480,1.29480,0.0140,2.58960
968,15.480,0.6467,1.29620,1.29620,0.0140,2.59240
969,15.496,0.6473,1.29750,1.29750,0.0140,2.59500
970,15.513,0.6479,1.29890,1.29890,0.0140,2.59780
971,15.528,0.6467,1.30020,1.30020,0.0140,2.60040
972,15.545,0.6473,1.30150,1.30150,0.0140,2.60300
973,15.561,0.6479,1.30290,1.30290,0.0140,2.60580
974,15.577,0.6479,1.30420,1.30420,0.0140,2.60840
975,15.593,0.6485,1.30560,1.30560,0.0140,2.61120
976,15.608,0.6497,1.30690,1.30690,0.0140,2.61380
977,15.624,0.6503,1.30820,1.30820,0.0141,2.61640
978,15.641,0.6503,1.30950,1.30950,0.0141,2.61900
979,15.657,0.6510,1.31090,1.31090,0.0141,2.62180
980,15.673,0.6516,1.31220,1.31220,0.0141,2.62440
981,15.689,0.6516,1.31350,1.31350,0.0141,2.62700
982,15.705,0.6516,1.31480,1.31480,0.0141,2.62960
983,15.721,0.6503,1.31620,1.31620,0.0141,2.63240
984,15.737,0.6516,1.31750,1.31750,0.0141,2.63500
985,15.753,0.6522,1.31890,1.31890,0.0141,2.63780
986,15.769,0.6528,1.32020,1.32020,0.0141,2.64040
987,15.785,0.6534,1.32150,1.32150,0.0141,2.64300
988,15.801,0.6540,1.32280,1.32280,0.0141,2.64560
989,15.817,0.6540,1.32420,1.32420,0.0141,2.64840
990,15.832,0.6546,1.32550,1.32550,0.0141,2.65100
991,15.849,0.6552,1.32680,1.32680,0.0142,2.65360
992,15.865,0.6558,1.32810,1.32810,0.0142,2.65620
993,15.882,0.6565,1.32950,1.32950,0.0142,2.65900
994,15.897,0.6577,1.33080,1.33080,0.0142,2.66160
995,15.913,0.6571,1.33220,1.33220,0.0142,2.66440
996,15.929,0.6577,1.33350,1.33350,0.0142,2.66700
997,15.945,0.6577,1.33480,1.33480,0.0142,2.66960
998,15.961,0.6577,1.33610,1.33610,0.0142,2.67220
999,15.976,0.6583,1.33750,1.33750,0.0142,2.67500
1000,15.994,0.6589,1.33890,1.33890,0.0142,2.67780
1001,16.009,0.6589,1.34020,1.34020,0.0142,2.68040
1002,16.025,0.6589,1.34150,1.34150,0.0142,2.68300
1003,16.041,0.6595,1.34290,1.34290,0.0143,2.68580
1004,16.057,0.6601,1.34420,1.34420,0.0143,2.68840
1005,16.073,0.6607,1.34550,1.34550,0.0143,2.69100
1006,16.089,0.6613,1.34690,1.34690,0.0143,2.69380
1007,16.106,0.6613,1.34820,1.34820,0.0143,2.69640
1008,16.121,0.6613,1.34950,1.34950,0.0143,2.69900
1009,16.139,0.6620,1.35090,1.35090,0.0143,2.70180
1010,16.154,0.6626,1.35220,1.35220,0.0143,2.70440
1011,16.169,0.6626,1.35360,1.35360,0.0143,2.70720
1012,16.185,0.6632,1.35490,1.35490,0.0143,2.70980
1013,16.201,0.6632,1.35620,1.35620,0.0143,2.71240
1014,16.217,0.6638,1.35750,1.35750,0.0143,2.71500
1015,16.233,0.6644,1.35890,1.35890,0.0144,2.71780
1016,16.250,0.6650,1.36020,1.36020,0.0144,2.72040
1017,16.266,0.6668,1.36150,1.36150,0.0144,2.72300
1018,16.281,0.6662,1.36280,1.36280,0.0144,2.72560
1019,16.297,0.6656,1.36410,1.36410,0.0144,2.72820
1020,16.313,0.6656,1.36550,1.36550,0.0144,2.73100
1021,16.330,0.6656,1.36680,1.36680,0.0144,2.73360
1022,16.345,0.6662,1.36820,1.36820,0.0144,2.73640
1023,16.361,0.6662,1.36950,1.36950,0.0144,2.73900
1024,16.377,0.6662,1.37080,1.37080,0.0144,2.74160
1025,16.393,0.6662,1.37210,1.37210,0.0144,2.74420
1026,16.410,0.6668,1.37350,1.37350,0.0144,2.74700
1027,16.426,0.6675,1.37480,1.37480,0.0144,2.74960
1028,16.442,0.6699,1.37610,1.37610,0.0145,2.75220
1029,16.457,0.6693,1.37750,1.37750,0.0145,2.75500
1030,16.474,0.6693,1.37880,1.37880,0.0145,2.75760
1031,16.489,0.6693,1.38020,1.38020,0.0145,2.76040
1032,16.506,0.6699,1.38150,1.38150,0.0145,2.76300
1033,16.522,0.6699,1.38290,1.38290,0.0145,2.76580
1034,16.538,0.6705,1.38420,1.38420,0.0145,2.76840
1035,16.555,0.6705,1.38550,1.38550,0.0145,2.77100
1036,16.570,0.6705,1.38690,1.38690,0.0145,2.77380
1037,16.585,0.6711,1.38820,1.38820,0.0145,2.77640
1038,16.602,0.6717,1.38950,1.38950,0.0145,2.77900
1039,16.617,0.6730,1.39090,1.39090,0.0145,2.78180
1040,16.634,0.6742,1.39220,1.39220,0.0146,2.78440
1041,16.650,0.6736,1.39360,1.39360,0.0146,2.78720
1042,16.667,0.6730,1.39490,1.39490,0.0145,2.78980
1043,16.682,0.6736,1.39620,1.39620,0.0146,2.79240
1044,16.698,0.6736,1.39750,1.39750,0.0146,2.79500
1045,16.714,0.6736,1.39880,1.39880,0.0146,2.79760
1046,16.730,0.6736,1.40020,1.40020,0.0146,2.80040
1047,16.746,0.6736,1.40150,1.40150,0.0146,2.80300
1048,16.762,0.6742,1.40280,1.40280,0.0146,2.80560
1049,16.778,0.6742,1.40410,1.40410,0.0146,2.80820
1050,16.794,0.6748,1.40550,1.40550,0.0146,2.81100
1051,16.810,0.6772,1.40680,1.40680,0.0146,2.81360
1052,16.826,0.6766,1.40820,1.40820,0.0146,2.81640
1053,16.842,0.6772,1.40950,1.40950,0.0146,2.81900
1054,16.858,0.6772,1.41080,1.41080,0.0146,2.82160
1055,16.874,0.6772,1.41210,1.41210,0.0146,2.82420
1056,16.891,0.6779,1.41350,1.41350,0.0146,2.82700
1057,16.906,0.6779,1.41480,1.41480,0.0146,2.82960
1058,16.922,0.6785,1.41620,1.41620,0.0147,2.83240
1059,16.938,0.6779,1.41750,1.41750,0.0146,2.83500
1060,16.955,0.6785,1.41880,1.41880,0.0147,2.83760
1061,16.971,0.6785,1.42010,1.42010,0.0147,2.84020
1062,16.986,0.6785,1.42150,1.42150,0.0147,2.84300
1063,17.003,0.6791,1.42290,1.42290,0.0147,2.84580
1064,17.018,0.6791,1.42420,1.42420,0.0147,2.84840
1065,17.035,0.6797,1.42550,1.42550,0.0147,2.85100
1066,17.050,0.6797,1.42680,1.42680,0.0147,2.85360
1067,17.066,0.6803,1.42820,1.42820,0.0147,2.85640
1068,17.082,0.6797,1.42950,1.42950,0.0147,2.85900
1069,17.098,0.6803,1.43090,1.43090,0.0147,2.86180
1070,17.115,0.6803,1.43220,1.43220,0.0147,2.86440
1071,17.130,0.6809,1.43350,1.43350,0.0147,2.86700
1072,17.146,0.6815,1.43490,1.43490,0.0147,2.86980
1073,17.162,0.6821,1.43620,1.43620,0.0147,2.87240
1074,17.178,0.6834,1.43750,1.43750,0.0148,2.87500
1075,17.194,0.6834,1.43880,1.43880,0.0148,2.87760
1076,17.210,0.6834,1.44020,1.44020,0.0148,2.88040
1077,17.227,0.6840,1.44150,1.44150,0.0148,2.88300
1078,17.243,0.6840,1.44280,1.44280,0.0148,2.88560
1079,17.258,0.6846,1.44420,1.44420,0.0148,2.88840
1080,17.274,0.6846,1.44550,1.44550,0.0148,2.89100
1081,17.290,0.6852,1.44680,1.44680,0.0148,2.89360
1082,17.306,0.6852,1.44810,1.44810,0.0148,2.89620
1083,17.322,0.6852,1.44950,1.44950,0.0148,2.89900
1084,17.339,0.6852,1.45080,1.45080,0.0148,2.90160
1085,17.355,0.6834,1.45210,1.45210,0.0148,2.90420
1086,17.371,0.6846,1.45340,1.45340,0.0148,2.90680
1087,17.387,0.6852,1.45480,1.45480,0.0148,2.90960
1088,17.403,0.6858,1.45610,1.45610,0.0148,2.91220
1089,17.418,0.6864,1.45750,1.45750,0.0148,2.91500
1090,17.434,0.6864,1.45880,1.45880,0.0148,2.91760
1091,17.451,0.6870,1.46010,1.46010,0.0148,2.92020
1092,17.466,0.6870,1.46150,1.46150,0.0148,2.92300
1093,17.482,0.6870,1.46280,1.46280,0.0148,2.92560
1094,17.499,0.6876,1.46420,1.46420,0.0149,2.92840
1095,17.514,0.6882,1.46620,1.46620,0.0149,2.93240
1096,17.530,0.6870,1.46750,1.46750,0.0148,2.93500
1097,17.547,0.6882,1.46880,1.46880,0.0149,2.93760
1098,17.563,0.6889,1.47020,1.47020,0.0149,2.94040
1099,17.579,0.6895,1.47150,1.47150,0.0149,2.94300
1100,17.594,0.6895,1.47290,1.47290,0.0149,2.94580
1101,17.610,0.6901,1.47420,1.47420,0.0149,2.94840
1102,17.627,0.6901,1.47550,1.47550,0.0149,2.95100
1103,17.642,0.6907,1.47690,1.47690,0.0149,2.95380
1104,17.659,0.6907,1.47820,1.47820,0.0149,2.95640
1105,17.675,0.6907,1.47950,1.47950,0.0149,2.95900
1106,17.690,0.6913,1.48080,1.48080,0.0149,2.96160
1107,17.707,0.6901,1.48210,1.48210,0.0149,2.96420
1108,17.722,0.6895,1.48350,1.48350,0.0149,2.96700
1109,17.739,0.6901,1.48480,1.48480,0.0149,2.96960
1110,17.755,0.6907,1.48620,1.48620,0.0149,2.97240
1111,17.771,0.6913,1.48750,1.48750,0.0149,2.97500
1112,17.788,0.6919,1.48880,1.48880,0.0150,2.97760
1113,17.803,0.6925,1.49010,1.49010,0.0150,2.98020
1114,17.819,0.6931,1.49150,1.49150,0.0150,2.98300
1115,17.835,0.6937,1.49280,1.49280,0.0150,2.98560
1116,17.851,0.6937,1.49410,1.49410,0.0150,2.98820
1117,17.867,0.6944,1.49540,1.49540,0.0150,2.99080
1118,17.883,0.6937,1.49680,1.49680,0.0150,2.99360
1119,17.900,0.6925,1.49810,1.49810,0.0150,2.99620
1120,17.915,0.6937,1.49950,1.49950,0.0150,2.99900
1121,17.931,0.6944,1.50080,1.50080,0.0150,3.00160
1122,17.947,0.6950,1.50210,1.50210,0.0150,3.00420
1123,17.963,0.6950,1.50350,1.50350,0.0150,3.00700
1124,17.979,0.6956,1.50480,1.50480,0.0150,3.00960
1125,17.995,0.6956,1.50620,1.50620,0.0150,3.01240
1126,18.012,0.6956,1.50750,1.50750,0.0150,3.01500
1127,18.027,0.6956,1.50880,1.50880,0.0150,3.01760
1128,18.043,0.6962,1.51020,1.51020,0.0150,3.02040
1129,18.060,0.6962,1.51150,1.51150,0.0150,3.02300
1130,18.075,0.6956,1.51290,1.51290,0.0150,3.02580
1131,18.092,0.6956,1.51420,1.51420,0.0150,3.02840
1132,18.108,0.6962,1.51550,1.51550,0.0150,3.03100
1133,18.123,0.6974,1.51680,1.51680,0.0151,3.03360
1134,18.140,0.6980,1.51820,1.51820,0.0151,3.03640
1135,18.155,0.6986,1.51950,1.51950,0.0151,3.03900
1136,18.172,0.6986,1.52080,1.52080,0.0151,3.04160
1137,18.188,0.6992,1.52220,1.52220,0.0151,3.04440
1138,18.204,0.6992,1.52350,1.52350,0.0151,3.04700
1139,18.219,0.6992,1.52480,1.52480,0.0151,3.04960
1140,18.236,0.6992,1.52620,1.52620,0.0151,3.05240
1141,18.252,0.6999,1.52750,1.52750,0.0151,3.05500
1142,18.268,0.6992,1.52880,1.52880,0.0151,3.05760
1143,18.284,0.6999,1.53010,1.53010,0.0151,3.06020
1144,18.300,0.7005,1.53140,1.53140,0.0151,3.06280
1145,18.315,0.7005,1.53280,1.53280,0.0151,3.06560
1146,18.332,0.7005,1.53410,1.53410,0.0151,3.06820
1147,18.347,0.7011,1.53540,1.53540,0.0152,3.07080
1148,18.363,0.7017,1.53680,1.53680,0.0152,3.07360
1149,18.380,0.7017,1.53810,1.53810,0.0152,3.07620
1150,18.396,0.7023,1.53950,1.53950,0.0152,3.07900
1151,18.411,0.7023,1.54080,1.54080,0.0152,3.08160
1152,18.428,0.7023,1.54210,1.54210,0.0152,3.08420
1153,18.443,0.7029,1.54340,1.54340,0.0152,3.08680
1154,18.460,0.7029,1.54480,1.54480,0.0152,3.08960
1155,18.475,0.7035,1.54610,1.54610,0.0152,3.09220
1156,18.492,0.7035,1.54750,1.54750,0.0152,3.09500
1157,18.508,0.7035,1.54880,1.54880,0.0152,3.09760
1158,18.523,0.7035,1.55010,1.55010,0.0152,3.10020
1159,18.539,0.7035,1.55150,1.55150,0.0152,3.10300
1160,18.556,0.7035,1.55280,1.55280,0.0152,3.10560
1161,18.573,0.7041,1.55420,1.55420,0.0152,3.10840
1162,18.588,0.7047,1.55550,1.55550,0.0152,3.11100
1163,18.604,0.7047,1.55680,1.55680,0.0152,3.11360
1164,18.620,0.7072,1.55810,1.55810,0.0153,3.11620
1165,18.636,0.7066,1.55950,1.55950,0.0153,3.11900
1166,18.652,0.7060,1.56090,1.56090,0.0153,3.12180
1167,18.668,0.7066,1.56220,1.56220,0.0153,3.12440
1168,18.684,0.7066,1.56350,1.56350,0.0153,3.12700
1169,18.700,0.7066,1.56480,1.56480,0.0153,3.12960
1170,18.716,0.7066,1.56610,1.56610,0.0153,3.13220
1171,18.731,0.7066,1.56750,1.56750,0.0153,3.13500
1172,18.748,0.7060,1.56880,1.56880,0.0153,3.13760
1173,18.764,0.7066,1.57010,1.57010,0.0153,3.14020
1174,18.780,0.7066,1.57140,1.57140,0.0153,3.14280
1175,18.796,0.7072,1.57280,1.57280,0.0153,3.14560
1176,18.812,0.7090,1.57410,1.57410,0.0153,3.14820
1177,18.828,0.7090,1.57550,1.57550,0.0153,3.15100
1178,18.844,0.7090,1.57680,1.57680,0.0153,3.15360
1179,18.860,0.7084,1.57810,1.57810,0.0153,3.15620
1180,18.876,0.7084,1.57940,1.57940,0.0153,3.15880
1181,18.892,0.7084,1.58080,1.58080,0.0153,3.16160
1182,18.908,0.7078,1.58210,1.58210,0.0153,3.16420
1183,18.924,0.7078,1.58340,1.58340,0.0153,3.16680
1184,18.940,0.7078,1.58480,1.58480,0.0153,3.16960
1185,18.956,0.7078,1.58610,1.58610,0.0153,3.17220
1186,18.972,0.7084,1.58740,1.58740,0.0153,3.17480
1187,18.988,0.7115,1.58880,1.58880,0.0154,3.17760
1188,19.005,0.7109,1.59020,1.59020,0.0154,3.18040
1189,19.021,0.7102,1.59150,1.59150,0.0153,3.18300
1190,19.036,0.7096,1.59280,1.59280,0.0153,3.18560
1191,19.052,0.7102,1.59410,1.59410,0.0153,3.18820
1192,19.068,0.7109,1.59550,1.59550,0.0154,3.19100
1193,19.084,0.7102,1.59690,1.59690,0.0153,3.19380
1194,19.100,0.7109,1.59820,1.59820,0.0154,3.19640
1195,19.116,0.7102,1.59950,1.59950,0.0153,3.19900
1196,19.133,0.7102,1.60080,1.60080,0.0153,3.20160
1197,19.148,0.7109,1.60220,1.60220,0.0154,3.20440
1198,19.164,0.7115,1.60350,1.60350,0.0154,3.20700
1199,19.180,0.7127,1.60480,1.60480,0.0154,3.20960
1200,19.196,0.7121,1.60610,1.60610,0.0154,3.21220
1201,19.212,0.7121,1.60750,1.60750,0.0154,3.21500
1202,19.228,0.7121,1.60880,1.60880,0.0154,3.21760
1203,19.245,0.7115,1.61010,1.61010,0.0154,3.22020
1204,19.260,0.7115,1.61150,1.61150,0.0154,3.22300
1205,19.277,0.7109,1.61280,1.61280,0.0154,3.22560
1206,19.292,0.7115,1.61410,1.61410,0.0154,3.22820
1207,19.308,0.7115,1.61540,1.61540,0.0154,3.23080
1208,19.324,0.7115,1.61680,1.61680,0.0154,3.23360
1209,19.340,0.7121,1.61810,1.61810,0.0154,3.23620
1210,19.357,0.7133,1.61940,1.61940,0.0154,3.23880
1211,19.372,0.7127,1.62070,1.62070,0.0154,3.24140
1212,19.388,0.7127,1.62210,1.62210,0.0154,3.24420
1213,19.405,0.7127,1.62340,1.62340,0.0154,3.24680
1214,19.420,0.7127,1.62480,1.62480,0.0154,3.24960
1215,19.437,0.7127,1.62610,1.62610,0.0154,3.25220
1216,19.452,0.7127,1.62740,1.62740,0.0154,3.25480
1217,19.470,0.7127,1.62880,1.62880,0.0154,3.25760
1218,19.485,0.7133,1.63010,1.63010,0.0154,3.26020
1219,19.501,0.7127,1.63150,1.63150,0.0154,3.26300
1220,19.516,0.7127,1.63280,1.63280,0.0154,3.26560
1221,19.532,0.7127,1.63410,1.63410,0.0154,3.26820
1222,19.549,0.7133,1.63550,1.63550,0.0154,3.27100
1223,19.564,0.7133,1.63680,1.63680,0.0154,3.27360
1224,19.581,0.7127,1.63820,1.63820,0.0154,3.27640
1225,19.597,0.7127,1.63950,1.63950,0.0154,3.27900
1226,19.613,0.7133,1.64080,1.64080,0.0154,3.28160
1227,19.629,0.7133,1.64210,1.64210,0.0154,3.28420
1228,19.645,0.7127,1.64350,1.64350,0.0154,3.28700
1229,19.661,0.7127,1.64480,1.64480,0.0154,3.28960
1230,19.676,0.7127,1.64610,1.64610,0.0154,3.29220
1231,19.694,0.7127,1.64750,1.64750,0.0154,3.29500
1232,19.709,0.7115,1.64880,1.64880,0.0154,3.29760
1233,19.725,0.7121,1.65010,1.65010,0.0154,3.30020
1234,19.741,0.7121,1.65150,1.65150,0.0154,3.30300
1235,19.757,0.7121,1.65280,1.65280,0.0154,3.30560
1236,19.773,0.7121,1.65410,1.65410,0.0154,3.30820
1237,19.789,0.7121,1.65540,1.65540,0.0154,3.31080
1238,19.806,0.7121,1.65680,1.65680,0.0154,3.31360
1239,19.821,0.7121,1.65810,1.65810,0.0154,3.31620
1240,19.837,0.7121,1.65940,1.65940,0.0154,3.31880
1241,19.853,0.7121,1.66080,1.66080,0.0154,3.32160
1242,19.870,0.7121,1.66210,1.66210,0.0154,3.32420
1243,19.885,0.7109,1.66340,1.66340,0.0154,3.32680
1244,19.901,0.7090,1.66480,1.66480,0.0153,3.32960
1245,19.917,0.7096,1.66610,1.66610,0.0153,3.33220
1246,19.933,0.7102,1.66740,1.66740,0.0153,3.33480
1247,19.950,0.7102,1.66870,1.66870,0.0153,3.33740
1248,19.965,0.7102,1.67010,1.67010,0.0153,3.34020
1249,19.981,0.7096,1.67140,1.67140,0.0153,3.34280
1250,19.997,0.7102,1.67280,1.67280,0.0153,3.34560
1251,20.013,0.7096,1.67410,1.67410,0.0153,3.34820
1252,20.030,0.7090,1.67540,1.67540,0.0153,3.35080
1253,20.045,0.7084,1.67680,1.67680,0.0153,3.35360
1254,20.062,0.7078,1.67810,1.67810,0.0153,3.35620
1255,20.077,0.7054,1.67950,1.67950,0.0152,3.35900
1256,20.093,0.7054,1.68080,1.68080,0.0152,3.36160
1257,20.109,0.7047,1.68210,1.68210,0.0152,3.36420
1258,20.125,0.7047,1.68350,1.68350,0.0152,3.36700
1259,20.142,0.7047,1.68480,1.68480,0.0152,3.36960
1260,20.157,0.7035,1.68620,1.68620,0.0152,3.37240
1261,20.174,0.7029,1.68750,1.68750,0.0152,3.37500
1262,20.190,0.6944,1.68880,1.68880,0.0150,3.37760
1263,20.205,0.5574,1.69010,1.69010,0.0120,3.38020
1264,20.221,0.3753,1.69150,1.69150,0.0081,3.38300
1265,20.239,0.2530,1.69280,1.69280,0.0055,3.38560
